,Only pause,Only speakerChange,Only similarity,Only f0_diff,Only f0_baseline_diff,Only f0_stds_means
Pk_mean,0.42623751400160265,0.40457151293646076,0.40457151293646076,0.40457151293646076,0.40457151293646076,0.40457151293646076
K-k_mean,0.010894399029134817,0.0,0.0,0.0,0.0,0.0
Windiff_mean,0.43955172556910066,0.40457151293646076,0.40457151293646076,0.40457151293646076,0.40457151293646076,0.40457151293646076
Pk_std,0.1161823085852436,0.08001955067791772,0.08001955067791772,0.08001955067791772,0.08001955067791772,0.08001955067791772
K-k_std,0.16375518487506127,0.0,0.0,0.0,0.0,0.0
Windiff_std,0.11474633377263713,0.08001955067791772,0.08001955067791772,0.08001955067791772,0.08001955067791772,0.08001955067791772
