,No pause,No speakerChange,No similarity,No f0_diff,No f0_baseline_diff,No f0_stds_means
Pk_mean,0.40457151293646076,0.41727125288844313,0.42034445537844506,0.4239228820968906,0.43095701671420966,0.4555192911850164
K-k_mean,0.0,0.02298893456636442,0.037718202799613305,0.03800800904836388,0.015352841286622385,-0.030213934798229477
Windiff_mean,0.40457151293646076,0.43181514977737967,0.4555497640851651,0.4600349356829799,0.46381427094704897,0.47406974898571036
Pk_std,0.08001955067791772,0.10765663885178081,0.10191404769176143,0.11440380406944235,0.10625861192225292,0.13117378687169098
K-k_std,0.0,0.1702172953189711,0.17237818605092672,0.15899503073817883,0.16374899592025946,0.20451266533055726
Windiff_std,0.08001955067791772,0.11634671079673378,0.10472025797692856,0.12125711230534214,0.11128784640729979,0.13367599155944646
